dataset_id	study_id	quant_method	qtl_group	study_name	credible_sets_file	sample_meta	vcf_file	coverage_path	usage_matrix_norm	tpm_matrix	exon_summ_stats_files	all_summ_stats_files	pheno_meta	scaling_factors
QTD000118	QTS000015	tx	adipose_subcutaneous	GTEx	/gpfs/helios/projects/eQTLCatalogue/qtlmap/eQTL_Catalogue_r8/susie/QTS000015/QTD000118/QTD000118.credible_sets.parquet	/gpfs/helios/home/kerimov/alasoo_lab/SampleArcheology/studies/GTEx/v10_metadata/GTExV10_metadata_adipose_subcutaneous.tsv	/gpfs/helios/projects/GTEx/genotypes/GTEx_v10/GTEx_v9.MAF001.vcf.gz	/gpfs/helios/projects/eQTLCatalogue/coverage_parquet/GTEx_v10/adipose_subcutaneous.parquet	/gpfs/helios/projects/eQTLCatalogue/qcnorm2/QTS000015/adipose_subcutaneous/QTS000015/normalised/tx/qtl_group_split_norm/GTEx.adipose_subcutaneous.tsv.gz	/gpfs/helios/projects/eQTLCatalogue/qcnorm2/QTS000015/adipose_subcutaneous/QTS000015/normalised/tx/per_million_normalised/GTEx.adipose_subcutaneous.transcript_usage_TPM_norm.tsv.gz	/gpfs/helios/home/kerimov/alasoo_lab/eqtl_plot_data_generator/input/GTEx_V10_all/sumstats_files/QTD000117_sumstats.tsv	/gpfs/helios/home/kerimov/alasoo_lab/eqtl_plot_data_generator/input/GTEx_V10_all/sumstats_files/QTD000118_sumstats.tsv	/gpfs/space/projects/genomic_references/annotations/eQTLCatalogue/v1.0/phenotype_metadata/transcript_usage_Ensembl_105_phenotype_metadata.tsv.gz	/gpfs/helios/projects/eQTLCatalogue/qcnorm2/QTS000015/adipose_subcutaneous/QTS000015/normalised/ge/per_million_normalised/GTEx.adipose_subcutaneous.scaling_factors.tsv.gz
QTD000123	QTS000015	tx	adipose_visceral	GTEx	/gpfs/helios/projects/eQTLCatalogue/qtlmap/eQTL_Catalogue_r8/susie/QTS000015/QTD000123/QTD000123.credible_sets.parquet	/gpfs/helios/home/kerimov/alasoo_lab/SampleArcheology/studies/GTEx/v10_metadata/GTExV10_metadata_adipose_visceral.tsv	/gpfs/helios/projects/GTEx/genotypes/GTEx_v10/GTEx_v9.MAF001.vcf.gz	/gpfs/helios/projects/eQTLCatalogue/coverage_parquet/GTEx_v10/adipose_visceral.parquet	/gpfs/helios/projects/eQTLCatalogue/qcnorm2/QTS000015/adipose_visceral/QTS000015/normalised/tx/qtl_group_split_norm/GTEx.adipose_visceral.tsv.gz	/gpfs/helios/projects/eQTLCatalogue/qcnorm2/QTS000015/adipose_visceral/QTS000015/normalised/tx/per_million_normalised/GTEx.adipose_visceral.transcript_usage_TPM_norm.tsv.gz	/gpfs/helios/home/kerimov/alasoo_lab/eqtl_plot_data_generator/input/GTEx_V10_all/sumstats_files/QTD000122_sumstats.tsv	/gpfs/helios/home/kerimov/alasoo_lab/eqtl_plot_data_generator/input/GTEx_V10_all/sumstats_files/QTD000123_sumstats.tsv	/gpfs/space/projects/genomic_references/annotations/eQTLCatalogue/v1.0/phenotype_metadata/transcript_usage_Ensembl_105_phenotype_metadata.tsv.gz	/gpfs/helios/projects/eQTLCatalogue/qcnorm2/QTS000015/adipose_visceral/QTS000015/normalised/ge/per_million_normalised/GTEx.adipose_visceral.scaling_factors.tsv.gz
QTD000128	QTS000015	tx	adrenal_gland	GTEx	/gpfs/helios/projects/eQTLCatalogue/qtlmap/eQTL_Catalogue_r8/susie/QTS000015/QTD000128/QTD000128.credible_sets.parquet	/gpfs/helios/home/kerimov/alasoo_lab/SampleArcheology/studies/GTEx/v10_metadata/GTExV10_metadata_adrenal_gland.tsv	/gpfs/helios/projects/GTEx/genotypes/GTEx_v10/GTEx_v9.MAF001.vcf.gz	/gpfs/helios/projects/eQTLCatalogue/coverage_parquet/GTEx_v10/adrenal_gland.parquet	/gpfs/helios/projects/eQTLCatalogue/qcnorm2/QTS000015/adrenal_gland/QTS000015/normalised/tx/qtl_group_split_norm/GTEx.adrenal_gland.tsv.gz	/gpfs/helios/projects/eQTLCatalogue/qcnorm2/QTS000015/adrenal_gland/QTS000015/normalised/tx/per_million_normalised/GTEx.adrenal_gland.transcript_usage_TPM_norm.tsv.gz	/gpfs/helios/home/kerimov/alasoo_lab/eqtl_plot_data_generator/input/GTEx_V10_all/sumstats_files/QTD000127_sumstats.tsv	/gpfs/helios/home/kerimov/alasoo_lab/eqtl_plot_data_generator/input/GTEx_V10_all/sumstats_files/QTD000128_sumstats.tsv	/gpfs/space/projects/genomic_references/annotations/eQTLCatalogue/v1.0/phenotype_metadata/transcript_usage_Ensembl_105_phenotype_metadata.tsv.gz	/gpfs/helios/projects/eQTLCatalogue/qcnorm2/QTS000015/adrenal_gland/QTS000015/normalised/ge/per_million_normalised/GTEx.adrenal_gland.scaling_factors.tsv.gz
QTD000133	QTS000015	tx	artery_aorta	GTEx	/gpfs/helios/projects/eQTLCatalogue/qtlmap/eQTL_Catalogue_r8/susie/QTS000015/QTD000133/QTD000133.credible_sets.parquet	/gpfs/helios/home/kerimov/alasoo_lab/SampleArcheology/studies/GTEx/v10_metadata/GTExV10_metadata_artery_aorta.tsv	/gpfs/helios/projects/GTEx/genotypes/GTEx_v10/GTEx_v9.MAF001.vcf.gz	/gpfs/helios/projects/eQTLCatalogue/coverage_parquet/GTEx_v10/artery_aorta.parquet	/gpfs/helios/projects/eQTLCatalogue/qcnorm2/QTS000015/artery_aorta/QTS000015/normalised/tx/qtl_group_split_norm/GTEx.artery_aorta.tsv.gz	/gpfs/helios/projects/eQTLCatalogue/qcnorm2/QTS000015/artery_aorta/QTS000015/normalised/tx/per_million_normalised/GTEx.artery_aorta.transcript_usage_TPM_norm.tsv.gz	/gpfs/helios/home/kerimov/alasoo_lab/eqtl_plot_data_generator/input/GTEx_V10_all/sumstats_files/QTD000132_sumstats.tsv	/gpfs/helios/home/kerimov/alasoo_lab/eqtl_plot_data_generator/input/GTEx_V10_all/sumstats_files/QTD000133_sumstats.tsv	/gpfs/space/projects/genomic_references/annotations/eQTLCatalogue/v1.0/phenotype_metadata/transcript_usage_Ensembl_105_phenotype_metadata.tsv.gz	/gpfs/helios/projects/eQTLCatalogue/qcnorm2/QTS000015/artery_aorta/QTS000015/normalised/ge/per_million_normalised/GTEx.artery_aorta.scaling_factors.tsv.gz
QTD000138	QTS000015	tx	artery_coronary	GTEx	/gpfs/helios/projects/eQTLCatalogue/qtlmap/eQTL_Catalogue_r8/susie/QTS000015/QTD000138/QTD000138.credible_sets.parquet	/gpfs/helios/home/kerimov/alasoo_lab/SampleArcheology/studies/GTEx/v10_metadata/GTExV10_metadata_artery_coronary.tsv	/gpfs/helios/projects/GTEx/genotypes/GTEx_v10/GTEx_v9.MAF001.vcf.gz	/gpfs/helios/projects/eQTLCatalogue/coverage_parquet/GTEx_v10/artery_coronary.parquet	/gpfs/helios/projects/eQTLCatalogue/qcnorm2/QTS000015/artery_coronary/QTS000015/normalised/tx/qtl_group_split_norm/GTEx.artery_coronary.tsv.gz	/gpfs/helios/projects/eQTLCatalogue/qcnorm2/QTS000015/artery_coronary/QTS000015/normalised/tx/per_million_normalised/GTEx.artery_coronary.transcript_usage_TPM_norm.tsv.gz	/gpfs/helios/home/kerimov/alasoo_lab/eqtl_plot_data_generator/input/GTEx_V10_all/sumstats_files/QTD000137_sumstats.tsv	/gpfs/helios/home/kerimov/alasoo_lab/eqtl_plot_data_generator/input/GTEx_V10_all/sumstats_files/QTD000138_sumstats.tsv	/gpfs/space/projects/genomic_references/annotations/eQTLCatalogue/v1.0/phenotype_metadata/transcript_usage_Ensembl_105_phenotype_metadata.tsv.gz	/gpfs/helios/projects/eQTLCatalogue/qcnorm2/QTS000015/artery_coronary/QTS000015/normalised/ge/per_million_normalised/GTEx.artery_coronary.scaling_factors.tsv.gz
QTD000143	QTS000015	tx	artery_tibial	GTEx	/gpfs/helios/projects/eQTLCatalogue/qtlmap/eQTL_Catalogue_r8/susie/QTS000015/QTD000143/QTD000143.credible_sets.parquet	/gpfs/helios/home/kerimov/alasoo_lab/SampleArcheology/studies/GTEx/v10_metadata/GTExV10_metadata_artery_tibial.tsv	/gpfs/helios/projects/GTEx/genotypes/GTEx_v10/GTEx_v9.MAF001.vcf.gz	/gpfs/helios/projects/eQTLCatalogue/coverage_parquet/GTEx_v10/artery_tibial.parquet	/gpfs/helios/projects/eQTLCatalogue/qcnorm2/QTS000015/artery_tibial/QTS000015/normalised/tx/qtl_group_split_norm/GTEx.artery_tibial.tsv.gz	/gpfs/helios/projects/eQTLCatalogue/qcnorm2/QTS000015/artery_tibial/QTS000015/normalised/tx/per_million_normalised/GTEx.artery_tibial.transcript_usage_TPM_norm.tsv.gz	/gpfs/helios/home/kerimov/alasoo_lab/eqtl_plot_data_generator/input/GTEx_V10_all/sumstats_files/QTD000142_sumstats.tsv	/gpfs/helios/home/kerimov/alasoo_lab/eqtl_plot_data_generator/input/GTEx_V10_all/sumstats_files/QTD000143_sumstats.tsv	/gpfs/space/projects/genomic_references/annotations/eQTLCatalogue/v1.0/phenotype_metadata/transcript_usage_Ensembl_105_phenotype_metadata.tsv.gz	/gpfs/helios/projects/eQTLCatalogue/qcnorm2/QTS000015/artery_tibial/QTS000015/normalised/ge/per_million_normalised/GTEx.artery_tibial.scaling_factors.tsv.gz
QTD000148	QTS000015	tx	brain_amygdala	GTEx	/gpfs/helios/projects/eQTLCatalogue/qtlmap/eQTL_Catalogue_r8/susie/QTS000015/QTD000148/QTD000148.credible_sets.parquet	/gpfs/helios/home/kerimov/alasoo_lab/SampleArcheology/studies/GTEx/v10_metadata/GTExV10_metadata_amygdala.tsv	/gpfs/helios/projects/GTEx/genotypes/GTEx_v10/GTEx_v9.MAF001.vcf.gz	/gpfs/helios/projects/eQTLCatalogue/coverage_parquet/GTEx_v10/brain_amygdala.parquet	/gpfs/helios/projects/eQTLCatalogue/qcnorm2/QTS000015/brain_amygdala/QTS000015/normalised/tx/qtl_group_split_norm/GTEx.brain_amygdala.tsv.gz	/gpfs/helios/projects/eQTLCatalogue/qcnorm2/QTS000015/brain_amygdala/QTS000015/normalised/tx/per_million_normalised/GTEx.brain_amygdala.transcript_usage_TPM_norm.tsv.gz	/gpfs/helios/home/kerimov/alasoo_lab/eqtl_plot_data_generator/input/GTEx_V10_all/sumstats_files/QTD000147_sumstats.tsv	/gpfs/helios/home/kerimov/alasoo_lab/eqtl_plot_data_generator/input/GTEx_V10_all/sumstats_files/QTD000148_sumstats.tsv	/gpfs/space/projects/genomic_references/annotations/eQTLCatalogue/v1.0/phenotype_metadata/transcript_usage_Ensembl_105_phenotype_metadata.tsv.gz	/gpfs/helios/projects/eQTLCatalogue/qcnorm2/QTS000015/brain_amygdala/QTS000015/normalised/ge/per_million_normalised/GTEx.brain_amygdala.scaling_factors.tsv.gz
QTD000153	QTS000015	tx	brain_anterior_cingulate_cortex	GTEx	/gpfs/helios/projects/eQTLCatalogue/qtlmap/eQTL_Catalogue_r8/susie/QTS000015/QTD000153/QTD000153.credible_sets.parquet	/gpfs/helios/home/kerimov/alasoo_lab/SampleArcheology/studies/GTEx/v10_metadata/GTExV10_metadata_anterior_cingulate_cortex.tsv	/gpfs/helios/projects/GTEx/genotypes/GTEx_v10/GTEx_v9.MAF001.vcf.gz	/gpfs/helios/projects/eQTLCatalogue/coverage_parquet/GTEx_v10/brain_anterior_cingulate_cortex.parquet	/gpfs/helios/projects/eQTLCatalogue/qcnorm2/QTS000015/brain_anterior_cingulate_cortex/QTS000015/normalised/tx/qtl_group_split_norm/GTEx.brain_anterior_cingulate_cortex.tsv.gz	/gpfs/helios/projects/eQTLCatalogue/qcnorm2/QTS000015/brain_anterior_cingulate_cortex/QTS000015/normalised/tx/per_million_normalised/GTEx.brain_anterior_cingulate_cortex.transcript_usage_TPM_norm.tsv.gz	/gpfs/helios/home/kerimov/alasoo_lab/eqtl_plot_data_generator/input/GTEx_V10_all/sumstats_files/QTD000152_sumstats.tsv	/gpfs/helios/home/kerimov/alasoo_lab/eqtl_plot_data_generator/input/GTEx_V10_all/sumstats_files/QTD000153_sumstats.tsv	/gpfs/space/projects/genomic_references/annotations/eQTLCatalogue/v1.0/phenotype_metadata/transcript_usage_Ensembl_105_phenotype_metadata.tsv.gz	/gpfs/helios/projects/eQTLCatalogue/qcnorm2/QTS000015/brain_anterior_cingulate_cortex/QTS000015/normalised/ge/per_million_normalised/GTEx.brain_anterior_cingulate_cortex.scaling_factors.tsv.gz
QTD000158	QTS000015	tx	brain_caudate	GTEx	/gpfs/helios/projects/eQTLCatalogue/qtlmap/eQTL_Catalogue_r8/susie/QTS000015/QTD000158/QTD000158.credible_sets.parquet	/gpfs/helios/home/kerimov/alasoo_lab/SampleArcheology/studies/GTEx/v10_metadata/GTExV10_metadata_caudate.tsv	/gpfs/helios/projects/GTEx/genotypes/GTEx_v10/GTEx_v9.MAF001.vcf.gz	/gpfs/helios/projects/eQTLCatalogue/coverage_parquet/GTEx_v10/brain_caudate.parquet	/gpfs/helios/projects/eQTLCatalogue/qcnorm2/QTS000015/brain_caudate/QTS000015/normalised/tx/qtl_group_split_norm/GTEx.brain_caudate.tsv.gz	/gpfs/helios/projects/eQTLCatalogue/qcnorm2/QTS000015/brain_caudate/QTS000015/normalised/tx/per_million_normalised/GTEx.brain_caudate.transcript_usage_TPM_norm.tsv.gz	/gpfs/helios/home/kerimov/alasoo_lab/eqtl_plot_data_generator/input/GTEx_V10_all/sumstats_files/QTD000157_sumstats.tsv	/gpfs/helios/home/kerimov/alasoo_lab/eqtl_plot_data_generator/input/GTEx_V10_all/sumstats_files/QTD000158_sumstats.tsv	/gpfs/space/projects/genomic_references/annotations/eQTLCatalogue/v1.0/phenotype_metadata/transcript_usage_Ensembl_105_phenotype_metadata.tsv.gz	/gpfs/helios/projects/eQTLCatalogue/qcnorm2/QTS000015/brain_caudate/QTS000015/normalised/ge/per_million_normalised/GTEx.brain_caudate.scaling_factors.tsv.gz
QTD000163	QTS000015	tx	brain_cerebellar_hemisphere	GTEx	/gpfs/helios/projects/eQTLCatalogue/qtlmap/eQTL_Catalogue_r8/susie/QTS000015/QTD000163/QTD000163.credible_sets.parquet	/gpfs/helios/home/kerimov/alasoo_lab/SampleArcheology/studies/GTEx/v10_metadata/GTExV10_metadata_cerebellar_hemisphere.tsv	/gpfs/helios/projects/GTEx/genotypes/GTEx_v10/GTEx_v9.MAF001.vcf.gz	/gpfs/helios/projects/eQTLCatalogue/coverage_parquet/GTEx_v10/brain_cerebellar_hemisphere.parquet	/gpfs/helios/projects/eQTLCatalogue/qcnorm2/QTS000015/brain_cerebellar_hemisphere/QTS000015/normalised/tx/qtl_group_split_norm/GTEx.brain_cerebellar_hemisphere.tsv.gz	/gpfs/helios/projects/eQTLCatalogue/qcnorm2/QTS000015/brain_cerebellar_hemisphere/QTS000015/normalised/tx/per_million_normalised/GTEx.brain_cerebellar_hemisphere.transcript_usage_TPM_norm.tsv.gz	/gpfs/helios/home/kerimov/alasoo_lab/eqtl_plot_data_generator/input/GTEx_V10_all/sumstats_files/QTD000162_sumstats.tsv	/gpfs/helios/home/kerimov/alasoo_lab/eqtl_plot_data_generator/input/GTEx_V10_all/sumstats_files/QTD000163_sumstats.tsv	/gpfs/space/projects/genomic_references/annotations/eQTLCatalogue/v1.0/phenotype_metadata/transcript_usage_Ensembl_105_phenotype_metadata.tsv.gz	/gpfs/helios/projects/eQTLCatalogue/qcnorm2/QTS000015/brain_cerebellar_hemisphere/QTS000015/normalised/ge/per_million_normalised/GTEx.brain_cerebellar_hemisphere.scaling_factors.tsv.gz
QTD000168	QTS000015	tx	brain_cerebellum	GTEx	/gpfs/helios/projects/eQTLCatalogue/qtlmap/eQTL_Catalogue_r8/susie/QTS000015/QTD000168/QTD000168.credible_sets.parquet	/gpfs/helios/home/kerimov/alasoo_lab/SampleArcheology/studies/GTEx/v10_metadata/GTExV10_metadata_cerebellum.tsv	/gpfs/helios/projects/GTEx/genotypes/GTEx_v10/GTEx_v9.MAF001.vcf.gz	/gpfs/helios/projects/eQTLCatalogue/coverage_parquet/GTEx_v10/brain_cerebellum.parquet	/gpfs/helios/projects/eQTLCatalogue/qcnorm2/QTS000015/brain_cerebellum/QTS000015/normalised/tx/qtl_group_split_norm/GTEx.brain_cerebellum.tsv.gz	/gpfs/helios/projects/eQTLCatalogue/qcnorm2/QTS000015/brain_cerebellum/QTS000015/normalised/tx/per_million_normalised/GTEx.brain_cerebellum.transcript_usage_TPM_norm.tsv.gz	/gpfs/helios/home/kerimov/alasoo_lab/eqtl_plot_data_generator/input/GTEx_V10_all/sumstats_files/QTD000167_sumstats.tsv	/gpfs/helios/home/kerimov/alasoo_lab/eqtl_plot_data_generator/input/GTEx_V10_all/sumstats_files/QTD000168_sumstats.tsv	/gpfs/space/projects/genomic_references/annotations/eQTLCatalogue/v1.0/phenotype_metadata/transcript_usage_Ensembl_105_phenotype_metadata.tsv.gz	/gpfs/helios/projects/eQTLCatalogue/qcnorm2/QTS000015/brain_cerebellum/QTS000015/normalised/ge/per_million_normalised/GTEx.brain_cerebellum.scaling_factors.tsv.gz
QTD000173	QTS000015	tx	brain_cortex	GTEx	/gpfs/helios/projects/eQTLCatalogue/qtlmap/eQTL_Catalogue_r8/susie/QTS000015/QTD000173/QTD000173.credible_sets.parquet	/gpfs/helios/home/kerimov/alasoo_lab/SampleArcheology/studies/GTEx/v10_metadata/GTExV10_metadata_brain_cortex.tsv	/gpfs/helios/projects/GTEx/genotypes/GTEx_v10/GTEx_v9.MAF001.vcf.gz	/gpfs/helios/projects/eQTLCatalogue/coverage_parquet/GTEx_v10/brain_cortex.parquet	/gpfs/helios/projects/eQTLCatalogue/qcnorm2/QTS000015/brain_cortex/QTS000015/normalised/tx/qtl_group_split_norm/GTEx.brain_cortex.tsv.gz	/gpfs/helios/projects/eQTLCatalogue/qcnorm2/QTS000015/brain_cortex/QTS000015/normalised/tx/per_million_normalised/GTEx.brain_cortex.transcript_usage_TPM_norm.tsv.gz	/gpfs/helios/home/kerimov/alasoo_lab/eqtl_plot_data_generator/input/GTEx_V10_all/sumstats_files/QTD000172_sumstats.tsv	/gpfs/helios/home/kerimov/alasoo_lab/eqtl_plot_data_generator/input/GTEx_V10_all/sumstats_files/QTD000173_sumstats.tsv	/gpfs/space/projects/genomic_references/annotations/eQTLCatalogue/v1.0/phenotype_metadata/transcript_usage_Ensembl_105_phenotype_metadata.tsv.gz	/gpfs/helios/projects/eQTLCatalogue/qcnorm2/QTS000015/brain_cortex/QTS000015/normalised/ge/per_million_normalised/GTEx.brain_cortex.scaling_factors.tsv.gz
QTD000178	QTS000015	tx	brain_frontal_cortex	GTEx	/gpfs/helios/projects/eQTLCatalogue/qtlmap/eQTL_Catalogue_r8/susie/QTS000015/QTD000178/QTD000178.credible_sets.parquet	/gpfs/helios/home/kerimov/alasoo_lab/SampleArcheology/studies/GTEx/v10_metadata/GTExV10_metadata_frontal_cortex.tsv	/gpfs/helios/projects/GTEx/genotypes/GTEx_v10/GTEx_v9.MAF001.vcf.gz	/gpfs/helios/projects/eQTLCatalogue/coverage_parquet/GTEx_v10/brain_frontal_cortex.parquet	/gpfs/helios/projects/eQTLCatalogue/qcnorm2/QTS000015/brain_frontal_cortex/QTS000015/normalised/tx/qtl_group_split_norm/GTEx.brain_frontal_cortex.tsv.gz	/gpfs/helios/projects/eQTLCatalogue/qcnorm2/QTS000015/brain_frontal_cortex/QTS000015/normalised/tx/per_million_normalised/GTEx.brain_frontal_cortex.transcript_usage_TPM_norm.tsv.gz	/gpfs/helios/home/kerimov/alasoo_lab/eqtl_plot_data_generator/input/GTEx_V10_all/sumstats_files/QTD000177_sumstats.tsv	/gpfs/helios/home/kerimov/alasoo_lab/eqtl_plot_data_generator/input/GTEx_V10_all/sumstats_files/QTD000178_sumstats.tsv	/gpfs/space/projects/genomic_references/annotations/eQTLCatalogue/v1.0/phenotype_metadata/transcript_usage_Ensembl_105_phenotype_metadata.tsv.gz	/gpfs/helios/projects/eQTLCatalogue/qcnorm2/QTS000015/brain_frontal_cortex/QTS000015/normalised/ge/per_million_normalised/GTEx.brain_frontal_cortex.scaling_factors.tsv.gz
QTD000183	QTS000015	tx	brain_hippocampus	GTEx	/gpfs/helios/projects/eQTLCatalogue/qtlmap/eQTL_Catalogue_r8/susie/QTS000015/QTD000183/QTD000183.credible_sets.parquet	/gpfs/helios/home/kerimov/alasoo_lab/SampleArcheology/studies/GTEx/v10_metadata/GTExV10_metadata_hippocampus.tsv	/gpfs/helios/projects/GTEx/genotypes/GTEx_v10/GTEx_v9.MAF001.vcf.gz	/gpfs/helios/projects/eQTLCatalogue/coverage_parquet/GTEx_v10/brain_hippocampus.parquet	/gpfs/helios/projects/eQTLCatalogue/qcnorm2/QTS000015/brain_hippocampus/QTS000015/normalised/tx/qtl_group_split_norm/GTEx.brain_hippocampus.tsv.gz	/gpfs/helios/projects/eQTLCatalogue/qcnorm2/QTS000015/brain_hippocampus/QTS000015/normalised/tx/per_million_normalised/GTEx.brain_hippocampus.transcript_usage_TPM_norm.tsv.gz	/gpfs/helios/home/kerimov/alasoo_lab/eqtl_plot_data_generator/input/GTEx_V10_all/sumstats_files/QTD000182_sumstats.tsv	/gpfs/helios/home/kerimov/alasoo_lab/eqtl_plot_data_generator/input/GTEx_V10_all/sumstats_files/QTD000183_sumstats.tsv	/gpfs/space/projects/genomic_references/annotations/eQTLCatalogue/v1.0/phenotype_metadata/transcript_usage_Ensembl_105_phenotype_metadata.tsv.gz	/gpfs/helios/projects/eQTLCatalogue/qcnorm2/QTS000015/brain_hippocampus/QTS000015/normalised/ge/per_million_normalised/GTEx.brain_hippocampus.scaling_factors.tsv.gz
QTD000188	QTS000015	tx	brain_hypothalamus	GTEx	/gpfs/helios/projects/eQTLCatalogue/qtlmap/eQTL_Catalogue_r8/susie/QTS000015/QTD000188/QTD000188.credible_sets.parquet	/gpfs/helios/home/kerimov/alasoo_lab/SampleArcheology/studies/GTEx/v10_metadata/GTExV10_metadata_hypothalamus.tsv	/gpfs/helios/projects/GTEx/genotypes/GTEx_v10/GTEx_v9.MAF001.vcf.gz	/gpfs/helios/projects/eQTLCatalogue/coverage_parquet/GTEx_v10/brain_hypothalamus.parquet	/gpfs/helios/projects/eQTLCatalogue/qcnorm2/QTS000015/brain_hypothalamus/QTS000015/normalised/tx/qtl_group_split_norm/GTEx.brain_hypothalamus.tsv.gz	/gpfs/helios/projects/eQTLCatalogue/qcnorm2/QTS000015/brain_hypothalamus/QTS000015/normalised/tx/per_million_normalised/GTEx.brain_hypothalamus.transcript_usage_TPM_norm.tsv.gz	/gpfs/helios/home/kerimov/alasoo_lab/eqtl_plot_data_generator/input/GTEx_V10_all/sumstats_files/QTD000187_sumstats.tsv	/gpfs/helios/home/kerimov/alasoo_lab/eqtl_plot_data_generator/input/GTEx_V10_all/sumstats_files/QTD000188_sumstats.tsv	/gpfs/space/projects/genomic_references/annotations/eQTLCatalogue/v1.0/phenotype_metadata/transcript_usage_Ensembl_105_phenotype_metadata.tsv.gz	/gpfs/helios/projects/eQTLCatalogue/qcnorm2/QTS000015/brain_hypothalamus/QTS000015/normalised/ge/per_million_normalised/GTEx.brain_hypothalamus.scaling_factors.tsv.gz
QTD000193	QTS000015	tx	brain_nucleus_accumbens	GTEx	/gpfs/helios/projects/eQTLCatalogue/qtlmap/eQTL_Catalogue_r8/susie/QTS000015/QTD000193/QTD000193.credible_sets.parquet	/gpfs/helios/home/kerimov/alasoo_lab/SampleArcheology/studies/GTEx/v10_metadata/GTExV10_metadata_nucleus_accumbens.tsv	/gpfs/helios/projects/GTEx/genotypes/GTEx_v10/GTEx_v9.MAF001.vcf.gz	/gpfs/helios/projects/eQTLCatalogue/coverage_parquet/GTEx_v10/brain_nucleus_accumbens.parquet	/gpfs/helios/projects/eQTLCatalogue/qcnorm2/QTS000015/brain_nucleus_accumbens/QTS000015/normalised/tx/qtl_group_split_norm/GTEx.brain_nucleus_accumbens.tsv.gz	/gpfs/helios/projects/eQTLCatalogue/qcnorm2/QTS000015/brain_nucleus_accumbens/QTS000015/normalised/tx/per_million_normalised/GTEx.brain_nucleus_accumbens.transcript_usage_TPM_norm.tsv.gz	/gpfs/helios/home/kerimov/alasoo_lab/eqtl_plot_data_generator/input/GTEx_V10_all/sumstats_files/QTD000192_sumstats.tsv	/gpfs/helios/home/kerimov/alasoo_lab/eqtl_plot_data_generator/input/GTEx_V10_all/sumstats_files/QTD000193_sumstats.tsv	/gpfs/space/projects/genomic_references/annotations/eQTLCatalogue/v1.0/phenotype_metadata/transcript_usage_Ensembl_105_phenotype_metadata.tsv.gz	/gpfs/helios/projects/eQTLCatalogue/qcnorm2/QTS000015/brain_nucleus_accumbens/QTS000015/normalised/ge/per_million_normalised/GTEx.brain_nucleus_accumbens.scaling_factors.tsv.gz
QTD000198	QTS000015	tx	brain_putamen	GTEx	/gpfs/helios/projects/eQTLCatalogue/qtlmap/eQTL_Catalogue_r8/susie/QTS000015/QTD000198/QTD000198.credible_sets.parquet	/gpfs/helios/home/kerimov/alasoo_lab/SampleArcheology/studies/GTEx/v10_metadata/GTExV10_metadata_putamen.tsv	/gpfs/helios/projects/GTEx/genotypes/GTEx_v10/GTEx_v9.MAF001.vcf.gz	/gpfs/helios/projects/eQTLCatalogue/coverage_parquet/GTEx_v10/brain_putamen.parquet	/gpfs/helios/projects/eQTLCatalogue/qcnorm2/QTS000015/brain_putamen/QTS000015/normalised/tx/qtl_group_split_norm/GTEx.brain_putamen.tsv.gz	/gpfs/helios/projects/eQTLCatalogue/qcnorm2/QTS000015/brain_putamen/QTS000015/normalised/tx/per_million_normalised/GTEx.brain_putamen.transcript_usage_TPM_norm.tsv.gz	/gpfs/helios/home/kerimov/alasoo_lab/eqtl_plot_data_generator/input/GTEx_V10_all/sumstats_files/QTD000197_sumstats.tsv	/gpfs/helios/home/kerimov/alasoo_lab/eqtl_plot_data_generator/input/GTEx_V10_all/sumstats_files/QTD000198_sumstats.tsv	/gpfs/space/projects/genomic_references/annotations/eQTLCatalogue/v1.0/phenotype_metadata/transcript_usage_Ensembl_105_phenotype_metadata.tsv.gz	/gpfs/helios/projects/eQTLCatalogue/qcnorm2/QTS000015/brain_putamen/QTS000015/normalised/ge/per_million_normalised/GTEx.brain_putamen.scaling_factors.tsv.gz
QTD000203	QTS000015	tx	brain_spinal_cord	GTEx	/gpfs/helios/projects/eQTLCatalogue/qtlmap/eQTL_Catalogue_r8/susie/QTS000015/QTD000203/QTD000203.credible_sets.parquet	/gpfs/helios/home/kerimov/alasoo_lab/SampleArcheology/studies/GTEx/v10_metadata/GTExV10_metadata_spinal_cord.tsv	/gpfs/helios/projects/GTEx/genotypes/GTEx_v10/GTEx_v9.MAF001.vcf.gz	/gpfs/helios/projects/eQTLCatalogue/coverage_parquet/GTEx_v10/brain_spinal_cord.parquet	/gpfs/helios/projects/eQTLCatalogue/qcnorm2/QTS000015/brain_spinal_cord/QTS000015/normalised/tx/qtl_group_split_norm/GTEx.brain_spinal_cord.tsv.gz	/gpfs/helios/projects/eQTLCatalogue/qcnorm2/QTS000015/brain_spinal_cord/QTS000015/normalised/tx/per_million_normalised/GTEx.brain_spinal_cord.transcript_usage_TPM_norm.tsv.gz	/gpfs/helios/home/kerimov/alasoo_lab/eqtl_plot_data_generator/input/GTEx_V10_all/sumstats_files/QTD000202_sumstats.tsv	/gpfs/helios/home/kerimov/alasoo_lab/eqtl_plot_data_generator/input/GTEx_V10_all/sumstats_files/QTD000203_sumstats.tsv	/gpfs/space/projects/genomic_references/annotations/eQTLCatalogue/v1.0/phenotype_metadata/transcript_usage_Ensembl_105_phenotype_metadata.tsv.gz	/gpfs/helios/projects/eQTLCatalogue/qcnorm2/QTS000015/brain_spinal_cord/QTS000015/normalised/ge/per_million_normalised/GTEx.brain_spinal_cord.scaling_factors.tsv.gz
QTD000208	QTS000015	tx	brain_substantia_nigra	GTEx	/gpfs/helios/projects/eQTLCatalogue/qtlmap/eQTL_Catalogue_r8/susie/QTS000015/QTD000208/QTD000208.credible_sets.parquet	/gpfs/helios/home/kerimov/alasoo_lab/SampleArcheology/studies/GTEx/v10_metadata/GTExV10_metadata_substantia_nigra.tsv	/gpfs/helios/projects/GTEx/genotypes/GTEx_v10/GTEx_v9.MAF001.vcf.gz	/gpfs/helios/projects/eQTLCatalogue/coverage_parquet/GTEx_v10/brain_substantia_nigra.parquet	/gpfs/helios/projects/eQTLCatalogue/qcnorm2/QTS000015/brain_substantia_nigra/QTS000015/normalised/tx/qtl_group_split_norm/GTEx.brain_substantia_nigra.tsv.gz	/gpfs/helios/projects/eQTLCatalogue/qcnorm2/QTS000015/brain_substantia_nigra/QTS000015/normalised/tx/per_million_normalised/GTEx.brain_substantia_nigra.transcript_usage_TPM_norm.tsv.gz	/gpfs/helios/home/kerimov/alasoo_lab/eqtl_plot_data_generator/input/GTEx_V10_all/sumstats_files/QTD000207_sumstats.tsv	/gpfs/helios/home/kerimov/alasoo_lab/eqtl_plot_data_generator/input/GTEx_V10_all/sumstats_files/QTD000208_sumstats.tsv	/gpfs/space/projects/genomic_references/annotations/eQTLCatalogue/v1.0/phenotype_metadata/transcript_usage_Ensembl_105_phenotype_metadata.tsv.gz	/gpfs/helios/projects/eQTLCatalogue/qcnorm2/QTS000015/brain_substantia_nigra/QTS000015/normalised/ge/per_million_normalised/GTEx.brain_substantia_nigra.scaling_factors.tsv.gz
QTD000213	QTS000015	tx	breast	GTEx	/gpfs/helios/projects/eQTLCatalogue/qtlmap/eQTL_Catalogue_r8/susie/QTS000015/QTD000213/QTD000213.credible_sets.parquet	/gpfs/helios/home/kerimov/alasoo_lab/SampleArcheology/studies/GTEx/v10_metadata/GTExV10_metadata_breast.tsv	/gpfs/helios/projects/GTEx/genotypes/GTEx_v10/GTEx_v9.MAF001.vcf.gz	/gpfs/helios/projects/eQTLCatalogue/coverage_parquet/GTEx_v10/breast.parquet	/gpfs/helios/projects/eQTLCatalogue/qcnorm2/QTS000015/breast/QTS000015/normalised/tx/qtl_group_split_norm/GTEx.breast.tsv.gz	/gpfs/helios/projects/eQTLCatalogue/qcnorm2/QTS000015/breast/QTS000015/normalised/tx/per_million_normalised/GTEx.breast.transcript_usage_TPM_norm.tsv.gz	/gpfs/helios/home/kerimov/alasoo_lab/eqtl_plot_data_generator/input/GTEx_V10_all/sumstats_files/QTD000212_sumstats.tsv	/gpfs/helios/home/kerimov/alasoo_lab/eqtl_plot_data_generator/input/GTEx_V10_all/sumstats_files/QTD000213_sumstats.tsv	/gpfs/space/projects/genomic_references/annotations/eQTLCatalogue/v1.0/phenotype_metadata/transcript_usage_Ensembl_105_phenotype_metadata.tsv.gz	/gpfs/helios/projects/eQTLCatalogue/qcnorm2/QTS000015/breast/QTS000015/normalised/ge/per_million_normalised/GTEx.breast.scaling_factors.tsv.gz
QTD000218	QTS000015	tx	fibroblast	GTEx	/gpfs/helios/projects/eQTLCatalogue/qtlmap/eQTL_Catalogue_r8/susie/QTS000015/QTD000218/QTD000218.credible_sets.parquet	/gpfs/helios/home/kerimov/alasoo_lab/SampleArcheology/studies/GTEx/v10_metadata/GTExV10_metadata_fibroblast.tsv	/gpfs/helios/projects/GTEx/genotypes/GTEx_v10/GTEx_v9.MAF001.vcf.gz	/gpfs/helios/projects/eQTLCatalogue/coverage_parquet/GTEx_v10/fibroblast.parquet	/gpfs/helios/projects/eQTLCatalogue/qcnorm2/QTS000015/fibroblast/QTS000015/normalised/tx/qtl_group_split_norm/GTEx.fibroblast.tsv.gz	/gpfs/helios/projects/eQTLCatalogue/qcnorm2/QTS000015/fibroblast/QTS000015/normalised/tx/per_million_normalised/GTEx.fibroblast.transcript_usage_TPM_norm.tsv.gz	/gpfs/helios/home/kerimov/alasoo_lab/eqtl_plot_data_generator/input/GTEx_V10_all/sumstats_files/QTD000217_sumstats.tsv	/gpfs/helios/home/kerimov/alasoo_lab/eqtl_plot_data_generator/input/GTEx_V10_all/sumstats_files/QTD000218_sumstats.tsv	/gpfs/space/projects/genomic_references/annotations/eQTLCatalogue/v1.0/phenotype_metadata/transcript_usage_Ensembl_105_phenotype_metadata.tsv.gz	/gpfs/helios/projects/eQTLCatalogue/qcnorm2/QTS000015/fibroblast/QTS000015/normalised/ge/per_million_normalised/GTEx.fibroblast.scaling_factors.tsv.gz
QTD000223	QTS000015	tx	LCL	GTEx	/gpfs/helios/projects/eQTLCatalogue/qtlmap/eQTL_Catalogue_r8/susie/QTS000015/QTD000223/QTD000223.credible_sets.parquet	/gpfs/helios/home/kerimov/alasoo_lab/SampleArcheology/studies/GTEx/v10_metadata/GTExV10_metadata_LCL.tsv	/gpfs/helios/projects/GTEx/genotypes/GTEx_v10/GTEx_v9.MAF001.vcf.gz	/gpfs/helios/projects/eQTLCatalogue/coverage_parquet/GTEx_v10/LCL.parquet	/gpfs/helios/projects/eQTLCatalogue/qcnorm2/QTS000015/LCL/QTS000015/normalised/tx/qtl_group_split_norm/GTEx.LCL.tsv.gz	/gpfs/helios/projects/eQTLCatalogue/qcnorm2/QTS000015/LCL/QTS000015/normalised/tx/per_million_normalised/GTEx.LCL.transcript_usage_TPM_norm.tsv.gz	/gpfs/helios/home/kerimov/alasoo_lab/eqtl_plot_data_generator/input/GTEx_V10_all/sumstats_files/QTD000222_sumstats.tsv	/gpfs/helios/home/kerimov/alasoo_lab/eqtl_plot_data_generator/input/GTEx_V10_all/sumstats_files/QTD000223_sumstats.tsv	/gpfs/space/projects/genomic_references/annotations/eQTLCatalogue/v1.0/phenotype_metadata/transcript_usage_Ensembl_105_phenotype_metadata.tsv.gz	/gpfs/helios/projects/eQTLCatalogue/qcnorm2/QTS000015/LCL/QTS000015/normalised/ge/per_million_normalised/GTEx.LCL.scaling_factors.tsv.gz
QTD000228	QTS000015	tx	colon_sigmoid	GTEx	/gpfs/helios/projects/eQTLCatalogue/qtlmap/eQTL_Catalogue_r8/susie/QTS000015/QTD000228/QTD000228.credible_sets.parquet	/gpfs/helios/home/kerimov/alasoo_lab/SampleArcheology/studies/GTEx/v10_metadata/GTExV10_metadata_colon_sigmoid.tsv	/gpfs/helios/projects/GTEx/genotypes/GTEx_v10/GTEx_v9.MAF001.vcf.gz	/gpfs/helios/projects/eQTLCatalogue/coverage_parquet/GTEx_v10/colon_sigmoid.parquet	/gpfs/helios/projects/eQTLCatalogue/qcnorm2/QTS000015/colon_sigmoid/QTS000015/normalised/tx/qtl_group_split_norm/GTEx.colon_sigmoid.tsv.gz	/gpfs/helios/projects/eQTLCatalogue/qcnorm2/QTS000015/colon_sigmoid/QTS000015/normalised/tx/per_million_normalised/GTEx.colon_sigmoid.transcript_usage_TPM_norm.tsv.gz	/gpfs/helios/home/kerimov/alasoo_lab/eqtl_plot_data_generator/input/GTEx_V10_all/sumstats_files/QTD000227_sumstats.tsv	/gpfs/helios/home/kerimov/alasoo_lab/eqtl_plot_data_generator/input/GTEx_V10_all/sumstats_files/QTD000228_sumstats.tsv	/gpfs/space/projects/genomic_references/annotations/eQTLCatalogue/v1.0/phenotype_metadata/transcript_usage_Ensembl_105_phenotype_metadata.tsv.gz	/gpfs/helios/projects/eQTLCatalogue/qcnorm2/QTS000015/colon_sigmoid/QTS000015/normalised/ge/per_million_normalised/GTEx.colon_sigmoid.scaling_factors.tsv.gz
QTD000238	QTS000015	tx	esophagus_gej	GTEx	/gpfs/helios/projects/eQTLCatalogue/qtlmap/eQTL_Catalogue_r8/susie/QTS000015/QTD000238/QTD000238.credible_sets.parquet	/gpfs/helios/home/kerimov/alasoo_lab/SampleArcheology/studies/GTEx/v10_metadata/GTExV10_metadata_esophagus_gej.tsv	/gpfs/helios/projects/GTEx/genotypes/GTEx_v10/GTEx_v9.MAF001.vcf.gz	/gpfs/helios/projects/eQTLCatalogue/coverage_parquet/GTEx_v10/esophagus_gej.parquet	/gpfs/helios/projects/eQTLCatalogue/qcnorm2/QTS000015/esophagus_gej/QTS000015/normalised/tx/qtl_group_split_norm/GTEx.esophagus_gej.tsv.gz	/gpfs/helios/projects/eQTLCatalogue/qcnorm2/QTS000015/esophagus_gej/QTS000015/normalised/tx/per_million_normalised/GTEx.esophagus_gej.transcript_usage_TPM_norm.tsv.gz	/gpfs/helios/home/kerimov/alasoo_lab/eqtl_plot_data_generator/input/GTEx_V10_all/sumstats_files/QTD000237_sumstats.tsv	/gpfs/helios/home/kerimov/alasoo_lab/eqtl_plot_data_generator/input/GTEx_V10_all/sumstats_files/QTD000238_sumstats.tsv	/gpfs/space/projects/genomic_references/annotations/eQTLCatalogue/v1.0/phenotype_metadata/transcript_usage_Ensembl_105_phenotype_metadata.tsv.gz	/gpfs/helios/projects/eQTLCatalogue/qcnorm2/QTS000015/esophagus_gej/QTS000015/normalised/ge/per_million_normalised/GTEx.esophagus_gej.scaling_factors.tsv.gz
QTD000243	QTS000015	tx	esophagus_mucosa	GTEx	/gpfs/helios/projects/eQTLCatalogue/qtlmap/eQTL_Catalogue_r8/susie/QTS000015/QTD000243/QTD000243.credible_sets.parquet	/gpfs/helios/home/kerimov/alasoo_lab/SampleArcheology/studies/GTEx/v10_metadata/GTExV10_metadata_esophagus_mucosa.tsv	/gpfs/helios/projects/GTEx/genotypes/GTEx_v10/GTEx_v9.MAF001.vcf.gz	/gpfs/helios/projects/eQTLCatalogue/coverage_parquet/GTEx_v10/esophagus_mucosa.parquet	/gpfs/helios/projects/eQTLCatalogue/qcnorm2/QTS000015/esophagus_mucosa/QTS000015/normalised/tx/qtl_group_split_norm/GTEx.esophagus_mucosa.tsv.gz	/gpfs/helios/projects/eQTLCatalogue/qcnorm2/QTS000015/esophagus_mucosa/QTS000015/normalised/tx/per_million_normalised/GTEx.esophagus_mucosa.transcript_usage_TPM_norm.tsv.gz	/gpfs/helios/home/kerimov/alasoo_lab/eqtl_plot_data_generator/input/GTEx_V10_all/sumstats_files/QTD000242_sumstats.tsv	/gpfs/helios/home/kerimov/alasoo_lab/eqtl_plot_data_generator/input/GTEx_V10_all/sumstats_files/QTD000243_sumstats.tsv	/gpfs/space/projects/genomic_references/annotations/eQTLCatalogue/v1.0/phenotype_metadata/transcript_usage_Ensembl_105_phenotype_metadata.tsv.gz	/gpfs/helios/projects/eQTLCatalogue/qcnorm2/QTS000015/esophagus_mucosa/QTS000015/normalised/ge/per_million_normalised/GTEx.esophagus_mucosa.scaling_factors.tsv.gz
QTD000248	QTS000015	tx	esophagus_muscularis	GTEx	/gpfs/helios/projects/eQTLCatalogue/qtlmap/eQTL_Catalogue_r8/susie/QTS000015/QTD000248/QTD000248.credible_sets.parquet	/gpfs/helios/home/kerimov/alasoo_lab/SampleArcheology/studies/GTEx/v10_metadata/GTExV10_metadata_esophagus_muscularis.tsv	/gpfs/helios/projects/GTEx/genotypes/GTEx_v10/GTEx_v9.MAF001.vcf.gz	/gpfs/helios/projects/eQTLCatalogue/coverage_parquet/GTEx_v10/esophagus_muscularis.parquet	/gpfs/helios/projects/eQTLCatalogue/qcnorm2/QTS000015/esophagus_muscularis/QTS000015/normalised/tx/qtl_group_split_norm/GTEx.esophagus_muscularis.tsv.gz	/gpfs/helios/projects/eQTLCatalogue/qcnorm2/QTS000015/esophagus_muscularis/QTS000015/normalised/tx/per_million_normalised/GTEx.esophagus_muscularis.transcript_usage_TPM_norm.tsv.gz	/gpfs/helios/home/kerimov/alasoo_lab/eqtl_plot_data_generator/input/GTEx_V10_all/sumstats_files/QTD000247_sumstats.tsv	/gpfs/helios/home/kerimov/alasoo_lab/eqtl_plot_data_generator/input/GTEx_V10_all/sumstats_files/QTD000248_sumstats.tsv	/gpfs/space/projects/genomic_references/annotations/eQTLCatalogue/v1.0/phenotype_metadata/transcript_usage_Ensembl_105_phenotype_metadata.tsv.gz	/gpfs/helios/projects/eQTLCatalogue/qcnorm2/QTS000015/esophagus_muscularis/QTS000015/normalised/ge/per_million_normalised/GTEx.esophagus_muscularis.scaling_factors.tsv.gz
QTD000253	QTS000015	tx	heart_atrial_appendage	GTEx	/gpfs/helios/projects/eQTLCatalogue/qtlmap/eQTL_Catalogue_r8/susie/QTS000015/QTD000253/QTD000253.credible_sets.parquet	/gpfs/helios/home/kerimov/alasoo_lab/SampleArcheology/studies/GTEx/v10_metadata/GTExV10_metadata_heart_atrial_appendage.tsv	/gpfs/helios/projects/GTEx/genotypes/GTEx_v10/GTEx_v9.MAF001.vcf.gz	/gpfs/helios/projects/eQTLCatalogue/coverage_parquet/GTEx_v10/heart_atrial_appendage.parquet	/gpfs/helios/projects/eQTLCatalogue/qcnorm2/QTS000015/heart_atrial_appendage/QTS000015/normalised/tx/qtl_group_split_norm/GTEx.heart_atrial_appendage.tsv.gz	/gpfs/helios/projects/eQTLCatalogue/qcnorm2/QTS000015/heart_atrial_appendage/QTS000015/normalised/tx/per_million_normalised/GTEx.heart_atrial_appendage.transcript_usage_TPM_norm.tsv.gz	/gpfs/helios/home/kerimov/alasoo_lab/eqtl_plot_data_generator/input/GTEx_V10_all/sumstats_files/QTD000252_sumstats.tsv	/gpfs/helios/home/kerimov/alasoo_lab/eqtl_plot_data_generator/input/GTEx_V10_all/sumstats_files/QTD000253_sumstats.tsv	/gpfs/space/projects/genomic_references/annotations/eQTLCatalogue/v1.0/phenotype_metadata/transcript_usage_Ensembl_105_phenotype_metadata.tsv.gz	/gpfs/helios/projects/eQTLCatalogue/qcnorm2/QTS000015/heart_atrial_appendage/QTS000015/normalised/ge/per_million_normalised/GTEx.heart_atrial_appendage.scaling_factors.tsv.gz
QTD000258	QTS000015	tx	heart_left_ventricle	GTEx	/gpfs/helios/projects/eQTLCatalogue/qtlmap/eQTL_Catalogue_r8/susie/QTS000015/QTD000258/QTD000258.credible_sets.parquet	/gpfs/helios/home/kerimov/alasoo_lab/SampleArcheology/studies/GTEx/v10_metadata/GTExV10_metadata_heart_left_ventricle.tsv	/gpfs/helios/projects/GTEx/genotypes/GTEx_v10/GTEx_v9.MAF001.vcf.gz	/gpfs/helios/projects/eQTLCatalogue/coverage_parquet/GTEx_v10/heart_left_ventricle.parquet	/gpfs/helios/projects/eQTLCatalogue/qcnorm2/QTS000015/heart_left_ventricle/QTS000015/normalised/tx/qtl_group_split_norm/GTEx.heart_left_ventricle.tsv.gz	/gpfs/helios/projects/eQTLCatalogue/qcnorm2/QTS000015/heart_left_ventricle/QTS000015/normalised/tx/per_million_normalised/GTEx.heart_left_ventricle.transcript_usage_TPM_norm.tsv.gz	/gpfs/helios/home/kerimov/alasoo_lab/eqtl_plot_data_generator/input/GTEx_V10_all/sumstats_files/QTD000257_sumstats.tsv	/gpfs/helios/home/kerimov/alasoo_lab/eqtl_plot_data_generator/input/GTEx_V10_all/sumstats_files/QTD000258_sumstats.tsv	/gpfs/space/projects/genomic_references/annotations/eQTLCatalogue/v1.0/phenotype_metadata/transcript_usage_Ensembl_105_phenotype_metadata.tsv.gz	/gpfs/helios/projects/eQTLCatalogue/qcnorm2/QTS000015/heart_left_ventricle/QTS000015/normalised/ge/per_million_normalised/GTEx.heart_left_ventricle.scaling_factors.tsv.gz
QTD000263	QTS000015	tx	kidney_cortex	GTEx	/gpfs/helios/projects/eQTLCatalogue/qtlmap/eQTL_Catalogue_r8/susie/QTS000015/QTD000263/QTD000263.credible_sets.parquet	/gpfs/helios/home/kerimov/alasoo_lab/SampleArcheology/studies/GTEx/v10_metadata/GTExV10_metadata_kidney_cortex.tsv	/gpfs/helios/projects/GTEx/genotypes/GTEx_v10/GTEx_v9.MAF001.vcf.gz	/gpfs/helios/projects/eQTLCatalogue/coverage_parquet/GTEx_v10/kidney_cortex.parquet	/gpfs/helios/projects/eQTLCatalogue/qcnorm2/QTS000015/kidney_cortex/QTS000015/normalised/tx/qtl_group_split_norm/GTEx.kidney_cortex.tsv.gz	/gpfs/helios/projects/eQTLCatalogue/qcnorm2/QTS000015/kidney_cortex/QTS000015/normalised/tx/per_million_normalised/GTEx.kidney_cortex.transcript_usage_TPM_norm.tsv.gz	/gpfs/helios/home/kerimov/alasoo_lab/eqtl_plot_data_generator/input/GTEx_V10_all/sumstats_files/QTD000262_sumstats.tsv	/gpfs/helios/home/kerimov/alasoo_lab/eqtl_plot_data_generator/input/GTEx_V10_all/sumstats_files/QTD000263_sumstats.tsv	/gpfs/space/projects/genomic_references/annotations/eQTLCatalogue/v1.0/phenotype_metadata/transcript_usage_Ensembl_105_phenotype_metadata.tsv.gz	/gpfs/helios/projects/eQTLCatalogue/qcnorm2/QTS000015/kidney_cortex/QTS000015/normalised/ge/per_million_normalised/GTEx.kidney_cortex.scaling_factors.tsv.gz
QTD000268	QTS000015	tx	liver	GTEx	/gpfs/helios/projects/eQTLCatalogue/qtlmap/eQTL_Catalogue_r8/susie/QTS000015/QTD000268/QTD000268.credible_sets.parquet	/gpfs/helios/home/kerimov/alasoo_lab/SampleArcheology/studies/GTEx/v10_metadata/GTExV10_metadata_liver.tsv	/gpfs/helios/projects/GTEx/genotypes/GTEx_v10/GTEx_v9.MAF001.vcf.gz	/gpfs/helios/projects/eQTLCatalogue/coverage_parquet/GTEx_v10/liver.parquet	/gpfs/helios/projects/eQTLCatalogue/qcnorm2/QTS000015/liver/QTS000015/normalised/tx/qtl_group_split_norm/GTEx.liver.tsv.gz	/gpfs/helios/projects/eQTLCatalogue/qcnorm2/QTS000015/liver/QTS000015/normalised/tx/per_million_normalised/GTEx.liver.transcript_usage_TPM_norm.tsv.gz	/gpfs/helios/home/kerimov/alasoo_lab/eqtl_plot_data_generator/input/GTEx_V10_all/sumstats_files/QTD000267_sumstats.tsv	/gpfs/helios/home/kerimov/alasoo_lab/eqtl_plot_data_generator/input/GTEx_V10_all/sumstats_files/QTD000268_sumstats.tsv	/gpfs/space/projects/genomic_references/annotations/eQTLCatalogue/v1.0/phenotype_metadata/transcript_usage_Ensembl_105_phenotype_metadata.tsv.gz	/gpfs/helios/projects/eQTLCatalogue/qcnorm2/QTS000015/liver/QTS000015/normalised/ge/per_million_normalised/GTEx.liver.scaling_factors.tsv.gz
QTD000273	QTS000015	tx	lung	GTEx	/gpfs/helios/projects/eQTLCatalogue/qtlmap/eQTL_Catalogue_r8/susie/QTS000015/QTD000273/QTD000273.credible_sets.parquet	/gpfs/helios/home/kerimov/alasoo_lab/SampleArcheology/studies/GTEx/v10_metadata/GTExV10_metadata_lung.tsv	/gpfs/helios/projects/GTEx/genotypes/GTEx_v10/GTEx_v9.MAF001.vcf.gz	/gpfs/helios/projects/eQTLCatalogue/coverage_parquet/GTEx_v10/lung.parquet	/gpfs/helios/projects/eQTLCatalogue/qcnorm2/QTS000015/lung/QTS000015/normalised/tx/qtl_group_split_norm/GTEx.lung.tsv.gz	/gpfs/helios/projects/eQTLCatalogue/qcnorm2/QTS000015/lung/QTS000015/normalised/tx/per_million_normalised/GTEx.lung.transcript_usage_TPM_norm.tsv.gz	/gpfs/helios/home/kerimov/alasoo_lab/eqtl_plot_data_generator/input/GTEx_V10_all/sumstats_files/QTD000272_sumstats.tsv	/gpfs/helios/home/kerimov/alasoo_lab/eqtl_plot_data_generator/input/GTEx_V10_all/sumstats_files/QTD000273_sumstats.tsv	/gpfs/space/projects/genomic_references/annotations/eQTLCatalogue/v1.0/phenotype_metadata/transcript_usage_Ensembl_105_phenotype_metadata.tsv.gz	/gpfs/helios/projects/eQTLCatalogue/qcnorm2/QTS000015/lung/QTS000015/normalised/ge/per_million_normalised/GTEx.lung.scaling_factors.tsv.gz
QTD000278	QTS000015	tx	minor_salivary_gland	GTEx	/gpfs/helios/projects/eQTLCatalogue/qtlmap/eQTL_Catalogue_r8/susie/QTS000015/QTD000278/QTD000278.credible_sets.parquet	/gpfs/helios/home/kerimov/alasoo_lab/SampleArcheology/studies/GTEx/v10_metadata/GTExV10_metadata_minor_salivary_gland.tsv	/gpfs/helios/projects/GTEx/genotypes/GTEx_v10/GTEx_v9.MAF001.vcf.gz	/gpfs/helios/projects/eQTLCatalogue/coverage_parquet/GTEx_v10/minor_salivary_gland.parquet	/gpfs/helios/projects/eQTLCatalogue/qcnorm2/QTS000015/minor_salivary_gland/QTS000015/normalised/tx/qtl_group_split_norm/GTEx.minor_salivary_gland.tsv.gz	/gpfs/helios/projects/eQTLCatalogue/qcnorm2/QTS000015/minor_salivary_gland/QTS000015/normalised/tx/per_million_normalised/GTEx.minor_salivary_gland.transcript_usage_TPM_norm.tsv.gz	/gpfs/helios/home/kerimov/alasoo_lab/eqtl_plot_data_generator/input/GTEx_V10_all/sumstats_files/QTD000277_sumstats.tsv	/gpfs/helios/home/kerimov/alasoo_lab/eqtl_plot_data_generator/input/GTEx_V10_all/sumstats_files/QTD000278_sumstats.tsv	/gpfs/space/projects/genomic_references/annotations/eQTLCatalogue/v1.0/phenotype_metadata/transcript_usage_Ensembl_105_phenotype_metadata.tsv.gz	/gpfs/helios/projects/eQTLCatalogue/qcnorm2/QTS000015/minor_salivary_gland/QTS000015/normalised/ge/per_million_normalised/GTEx.minor_salivary_gland.scaling_factors.tsv.gz
QTD000283	QTS000015	tx	muscle	GTEx	/gpfs/helios/projects/eQTLCatalogue/qtlmap/eQTL_Catalogue_r8/susie/QTS000015/QTD000283/QTD000283.credible_sets.parquet	/gpfs/helios/home/kerimov/alasoo_lab/SampleArcheology/studies/GTEx/v10_metadata/GTExV10_metadata_muscle.tsv	/gpfs/helios/projects/GTEx/genotypes/GTEx_v10/GTEx_v9.MAF001.vcf.gz	/gpfs/helios/projects/eQTLCatalogue/coverage_parquet/GTEx_v10/muscle.parquet	/gpfs/helios/projects/eQTLCatalogue/qcnorm2/QTS000015/muscle/QTS000015/normalised/tx/qtl_group_split_norm/GTEx.muscle.tsv.gz	/gpfs/helios/projects/eQTLCatalogue/qcnorm2/QTS000015/muscle/QTS000015/normalised/tx/per_million_normalised/GTEx.muscle.transcript_usage_TPM_norm.tsv.gz	/gpfs/helios/home/kerimov/alasoo_lab/eqtl_plot_data_generator/input/GTEx_V10_all/sumstats_files/QTD000282_sumstats.tsv	/gpfs/helios/home/kerimov/alasoo_lab/eqtl_plot_data_generator/input/GTEx_V10_all/sumstats_files/QTD000283_sumstats.tsv	/gpfs/space/projects/genomic_references/annotations/eQTLCatalogue/v1.0/phenotype_metadata/transcript_usage_Ensembl_105_phenotype_metadata.tsv.gz	/gpfs/helios/projects/eQTLCatalogue/qcnorm2/QTS000015/muscle/QTS000015/normalised/ge/per_million_normalised/GTEx.muscle.scaling_factors.tsv.gz
QTD000288	QTS000015	tx	nerve_tibial	GTEx	/gpfs/helios/projects/eQTLCatalogue/qtlmap/eQTL_Catalogue_r8/susie/QTS000015/QTD000288/QTD000288.credible_sets.parquet	/gpfs/helios/home/kerimov/alasoo_lab/SampleArcheology/studies/GTEx/v10_metadata/GTExV10_metadata_nerve_tibial.tsv	/gpfs/helios/projects/GTEx/genotypes/GTEx_v10/GTEx_v9.MAF001.vcf.gz	/gpfs/helios/projects/eQTLCatalogue/coverage_parquet/GTEx_v10/nerve_tibial.parquet	/gpfs/helios/projects/eQTLCatalogue/qcnorm2/QTS000015/nerve_tibial/QTS000015/normalised/tx/qtl_group_split_norm/GTEx.nerve_tibial.tsv.gz	/gpfs/helios/projects/eQTLCatalogue/qcnorm2/QTS000015/nerve_tibial/QTS000015/normalised/tx/per_million_normalised/GTEx.nerve_tibial.transcript_usage_TPM_norm.tsv.gz	/gpfs/helios/home/kerimov/alasoo_lab/eqtl_plot_data_generator/input/GTEx_V10_all/sumstats_files/QTD000287_sumstats.tsv	/gpfs/helios/home/kerimov/alasoo_lab/eqtl_plot_data_generator/input/GTEx_V10_all/sumstats_files/QTD000288_sumstats.tsv	/gpfs/space/projects/genomic_references/annotations/eQTLCatalogue/v1.0/phenotype_metadata/transcript_usage_Ensembl_105_phenotype_metadata.tsv.gz	/gpfs/helios/projects/eQTLCatalogue/qcnorm2/QTS000015/nerve_tibial/QTS000015/normalised/ge/per_million_normalised/GTEx.nerve_tibial.scaling_factors.tsv.gz
QTD000293	QTS000015	tx	ovary	GTEx	/gpfs/helios/projects/eQTLCatalogue/qtlmap/eQTL_Catalogue_r8/susie/QTS000015/QTD000293/QTD000293.credible_sets.parquet	/gpfs/helios/home/kerimov/alasoo_lab/SampleArcheology/studies/GTEx/v10_metadata/GTExV10_metadata_ovary.tsv	/gpfs/helios/projects/GTEx/genotypes/GTEx_v10/GTEx_v9.MAF001.vcf.gz	/gpfs/helios/projects/eQTLCatalogue/coverage_parquet/GTEx_v10/ovary.parquet	/gpfs/helios/projects/eQTLCatalogue/qcnorm2/QTS000015/ovary/QTS000015/normalised/tx/qtl_group_split_norm/GTEx.ovary.tsv.gz	/gpfs/helios/projects/eQTLCatalogue/qcnorm2/QTS000015/ovary/QTS000015/normalised/tx/per_million_normalised/GTEx.ovary.transcript_usage_TPM_norm.tsv.gz	/gpfs/helios/home/kerimov/alasoo_lab/eqtl_plot_data_generator/input/GTEx_V10_all/sumstats_files/QTD000292_sumstats.tsv	/gpfs/helios/home/kerimov/alasoo_lab/eqtl_plot_data_generator/input/GTEx_V10_all/sumstats_files/QTD000293_sumstats.tsv	/gpfs/space/projects/genomic_references/annotations/eQTLCatalogue/v1.0/phenotype_metadata/transcript_usage_Ensembl_105_phenotype_metadata.tsv.gz	/gpfs/helios/projects/eQTLCatalogue/qcnorm2/QTS000015/ovary/QTS000015/normalised/ge/per_million_normalised/GTEx.ovary.scaling_factors.tsv.gz
QTD000298	QTS000015	tx	pancreas	GTEx	/gpfs/helios/projects/eQTLCatalogue/qtlmap/eQTL_Catalogue_r8/susie/QTS000015/QTD000298/QTD000298.credible_sets.parquet	/gpfs/helios/home/kerimov/alasoo_lab/SampleArcheology/studies/GTEx/v10_metadata/GTExV10_metadata_pancreas.tsv	/gpfs/helios/projects/GTEx/genotypes/GTEx_v10/GTEx_v9.MAF001.vcf.gz	/gpfs/helios/projects/eQTLCatalogue/coverage_parquet/GTEx_v10/pancreas.parquet	/gpfs/helios/projects/eQTLCatalogue/qcnorm2/QTS000015/pancreas/QTS000015/normalised/tx/qtl_group_split_norm/GTEx.pancreas.tsv.gz	/gpfs/helios/projects/eQTLCatalogue/qcnorm2/QTS000015/pancreas/QTS000015/normalised/tx/per_million_normalised/GTEx.pancreas.transcript_usage_TPM_norm.tsv.gz	/gpfs/helios/home/kerimov/alasoo_lab/eqtl_plot_data_generator/input/GTEx_V10_all/sumstats_files/QTD000297_sumstats.tsv	/gpfs/helios/home/kerimov/alasoo_lab/eqtl_plot_data_generator/input/GTEx_V10_all/sumstats_files/QTD000298_sumstats.tsv	/gpfs/space/projects/genomic_references/annotations/eQTLCatalogue/v1.0/phenotype_metadata/transcript_usage_Ensembl_105_phenotype_metadata.tsv.gz	/gpfs/helios/projects/eQTLCatalogue/qcnorm2/QTS000015/pancreas/QTS000015/normalised/ge/per_million_normalised/GTEx.pancreas.scaling_factors.tsv.gz
QTD000303	QTS000015	tx	pituitary	GTEx	/gpfs/helios/projects/eQTLCatalogue/qtlmap/eQTL_Catalogue_r8/susie/QTS000015/QTD000303/QTD000303.credible_sets.parquet	/gpfs/helios/home/kerimov/alasoo_lab/SampleArcheology/studies/GTEx/v10_metadata/GTExV10_metadata_pituitary.tsv	/gpfs/helios/projects/GTEx/genotypes/GTEx_v10/GTEx_v9.MAF001.vcf.gz	/gpfs/helios/projects/eQTLCatalogue/coverage_parquet/GTEx_v10/pituitary.parquet	/gpfs/helios/projects/eQTLCatalogue/qcnorm2/QTS000015/pituitary/QTS000015/normalised/tx/qtl_group_split_norm/GTEx.pituitary.tsv.gz	/gpfs/helios/projects/eQTLCatalogue/qcnorm2/QTS000015/pituitary/QTS000015/normalised/tx/per_million_normalised/GTEx.pituitary.transcript_usage_TPM_norm.tsv.gz	/gpfs/helios/home/kerimov/alasoo_lab/eqtl_plot_data_generator/input/GTEx_V10_all/sumstats_files/QTD000302_sumstats.tsv	/gpfs/helios/home/kerimov/alasoo_lab/eqtl_plot_data_generator/input/GTEx_V10_all/sumstats_files/QTD000303_sumstats.tsv	/gpfs/space/projects/genomic_references/annotations/eQTLCatalogue/v1.0/phenotype_metadata/transcript_usage_Ensembl_105_phenotype_metadata.tsv.gz	/gpfs/helios/projects/eQTLCatalogue/qcnorm2/QTS000015/pituitary/QTS000015/normalised/ge/per_million_normalised/GTEx.pituitary.scaling_factors.tsv.gz
QTD000308	QTS000015	tx	prostate	GTEx	/gpfs/helios/projects/eQTLCatalogue/qtlmap/eQTL_Catalogue_r8/susie/QTS000015/QTD000308/QTD000308.credible_sets.parquet	/gpfs/helios/home/kerimov/alasoo_lab/SampleArcheology/studies/GTEx/v10_metadata/GTExV10_metadata_prostate.tsv	/gpfs/helios/projects/GTEx/genotypes/GTEx_v10/GTEx_v9.MAF001.vcf.gz	/gpfs/helios/projects/eQTLCatalogue/coverage_parquet/GTEx_v10/prostate.parquet	/gpfs/helios/projects/eQTLCatalogue/qcnorm2/QTS000015/prostate/QTS000015/normalised/tx/qtl_group_split_norm/GTEx.prostate.tsv.gz	/gpfs/helios/projects/eQTLCatalogue/qcnorm2/QTS000015/prostate/QTS000015/normalised/tx/per_million_normalised/GTEx.prostate.transcript_usage_TPM_norm.tsv.gz	/gpfs/helios/home/kerimov/alasoo_lab/eqtl_plot_data_generator/input/GTEx_V10_all/sumstats_files/QTD000307_sumstats.tsv	/gpfs/helios/home/kerimov/alasoo_lab/eqtl_plot_data_generator/input/GTEx_V10_all/sumstats_files/QTD000308_sumstats.tsv	/gpfs/space/projects/genomic_references/annotations/eQTLCatalogue/v1.0/phenotype_metadata/transcript_usage_Ensembl_105_phenotype_metadata.tsv.gz	/gpfs/helios/projects/eQTLCatalogue/qcnorm2/QTS000015/prostate/QTS000015/normalised/ge/per_million_normalised/GTEx.prostate.scaling_factors.tsv.gz
QTD000313	QTS000015	tx	skin_not_sun_exposed	GTEx	/gpfs/helios/projects/eQTLCatalogue/qtlmap/eQTL_Catalogue_r8/susie/QTS000015/QTD000313/QTD000313.credible_sets.parquet	/gpfs/helios/home/kerimov/alasoo_lab/SampleArcheology/studies/GTEx/v10_metadata/GTExV10_metadata_skin_not_sun_exposed.tsv	/gpfs/helios/projects/GTEx/genotypes/GTEx_v10/GTEx_v9.MAF001.vcf.gz	/gpfs/helios/projects/eQTLCatalogue/coverage_parquet/GTEx_v10/skin_not_sun_exposed.parquet	/gpfs/helios/projects/eQTLCatalogue/qcnorm2/QTS000015/skin_not_sun_exposed/QTS000015/normalised/tx/qtl_group_split_norm/GTEx.skin_not_sun_exposed.tsv.gz	/gpfs/helios/projects/eQTLCatalogue/qcnorm2/QTS000015/skin_not_sun_exposed/QTS000015/normalised/tx/per_million_normalised/GTEx.skin_not_sun_exposed.transcript_usage_TPM_norm.tsv.gz	/gpfs/helios/home/kerimov/alasoo_lab/eqtl_plot_data_generator/input/GTEx_V10_all/sumstats_files/QTD000312_sumstats.tsv	/gpfs/helios/home/kerimov/alasoo_lab/eqtl_plot_data_generator/input/GTEx_V10_all/sumstats_files/QTD000313_sumstats.tsv	/gpfs/space/projects/genomic_references/annotations/eQTLCatalogue/v1.0/phenotype_metadata/transcript_usage_Ensembl_105_phenotype_metadata.tsv.gz	/gpfs/helios/projects/eQTLCatalogue/qcnorm2/QTS000015/skin_not_sun_exposed/QTS000015/normalised/ge/per_million_normalised/GTEx.skin_not_sun_exposed.scaling_factors.tsv.gz
QTD000318	QTS000015	tx	skin_sun_exposed	GTEx	/gpfs/helios/projects/eQTLCatalogue/qtlmap/eQTL_Catalogue_r8/susie/QTS000015/QTD000318/QTD000318.credible_sets.parquet	/gpfs/helios/home/kerimov/alasoo_lab/SampleArcheology/studies/GTEx/v10_metadata/GTExV10_metadata_skin_sun_exposed.tsv	/gpfs/helios/projects/GTEx/genotypes/GTEx_v10/GTEx_v9.MAF001.vcf.gz	/gpfs/helios/projects/eQTLCatalogue/coverage_parquet/GTEx_v10/skin_sun_exposed.parquet	/gpfs/helios/projects/eQTLCatalogue/qcnorm2/QTS000015/skin_sun_exposed/QTS000015/normalised/tx/qtl_group_split_norm/GTEx.skin_sun_exposed.tsv.gz	/gpfs/helios/projects/eQTLCatalogue/qcnorm2/QTS000015/skin_sun_exposed/QTS000015/normalised/tx/per_million_normalised/GTEx.skin_sun_exposed.transcript_usage_TPM_norm.tsv.gz	/gpfs/helios/home/kerimov/alasoo_lab/eqtl_plot_data_generator/input/GTEx_V10_all/sumstats_files/QTD000317_sumstats.tsv	/gpfs/helios/home/kerimov/alasoo_lab/eqtl_plot_data_generator/input/GTEx_V10_all/sumstats_files/QTD000318_sumstats.tsv	/gpfs/space/projects/genomic_references/annotations/eQTLCatalogue/v1.0/phenotype_metadata/transcript_usage_Ensembl_105_phenotype_metadata.tsv.gz	/gpfs/helios/projects/eQTLCatalogue/qcnorm2/QTS000015/skin_sun_exposed/QTS000015/normalised/ge/per_million_normalised/GTEx.skin_sun_exposed.scaling_factors.tsv.gz
QTD000323	QTS000015	tx	small_intestine	GTEx	/gpfs/helios/projects/eQTLCatalogue/qtlmap/eQTL_Catalogue_r8/susie/QTS000015/QTD000323/QTD000323.credible_sets.parquet	/gpfs/helios/home/kerimov/alasoo_lab/SampleArcheology/studies/GTEx/v10_metadata/GTExV10_metadata_small_intestine.tsv	/gpfs/helios/projects/GTEx/genotypes/GTEx_v10/GTEx_v9.MAF001.vcf.gz	/gpfs/helios/projects/eQTLCatalogue/coverage_parquet/GTEx_v10/small_intestine.parquet	/gpfs/helios/projects/eQTLCatalogue/qcnorm2/QTS000015/small_intestine/QTS000015/normalised/tx/qtl_group_split_norm/GTEx.small_intestine.tsv.gz	/gpfs/helios/projects/eQTLCatalogue/qcnorm2/QTS000015/small_intestine/QTS000015/normalised/tx/per_million_normalised/GTEx.small_intestine.transcript_usage_TPM_norm.tsv.gz	/gpfs/helios/home/kerimov/alasoo_lab/eqtl_plot_data_generator/input/GTEx_V10_all/sumstats_files/QTD000322_sumstats.tsv	/gpfs/helios/home/kerimov/alasoo_lab/eqtl_plot_data_generator/input/GTEx_V10_all/sumstats_files/QTD000323_sumstats.tsv	/gpfs/space/projects/genomic_references/annotations/eQTLCatalogue/v1.0/phenotype_metadata/transcript_usage_Ensembl_105_phenotype_metadata.tsv.gz	/gpfs/helios/projects/eQTLCatalogue/qcnorm2/QTS000015/small_intestine/QTS000015/normalised/ge/per_million_normalised/GTEx.small_intestine.scaling_factors.tsv.gz
QTD000328	QTS000015	tx	spleen	GTEx	/gpfs/helios/projects/eQTLCatalogue/qtlmap/eQTL_Catalogue_r8/susie/QTS000015/QTD000328/QTD000328.credible_sets.parquet	/gpfs/helios/home/kerimov/alasoo_lab/SampleArcheology/studies/GTEx/v10_metadata/GTExV10_metadata_spleen.tsv	/gpfs/helios/projects/GTEx/genotypes/GTEx_v10/GTEx_v9.MAF001.vcf.gz	/gpfs/helios/projects/eQTLCatalogue/coverage_parquet/GTEx_v10/spleen.parquet	/gpfs/helios/projects/eQTLCatalogue/qcnorm2/QTS000015/spleen/QTS000015/normalised/tx/qtl_group_split_norm/GTEx.spleen.tsv.gz	/gpfs/helios/projects/eQTLCatalogue/qcnorm2/QTS000015/spleen/QTS000015/normalised/tx/per_million_normalised/GTEx.spleen.transcript_usage_TPM_norm.tsv.gz	/gpfs/helios/home/kerimov/alasoo_lab/eqtl_plot_data_generator/input/GTEx_V10_all/sumstats_files/QTD000327_sumstats.tsv	/gpfs/helios/home/kerimov/alasoo_lab/eqtl_plot_data_generator/input/GTEx_V10_all/sumstats_files/QTD000328_sumstats.tsv	/gpfs/space/projects/genomic_references/annotations/eQTLCatalogue/v1.0/phenotype_metadata/transcript_usage_Ensembl_105_phenotype_metadata.tsv.gz	/gpfs/helios/projects/eQTLCatalogue/qcnorm2/QTS000015/spleen/QTS000015/normalised/ge/per_million_normalised/GTEx.spleen.scaling_factors.tsv.gz
QTD000333	QTS000015	tx	stomach	GTEx	/gpfs/helios/projects/eQTLCatalogue/qtlmap/eQTL_Catalogue_r8/susie/QTS000015/QTD000333/QTD000333.credible_sets.parquet	/gpfs/helios/home/kerimov/alasoo_lab/SampleArcheology/studies/GTEx/v10_metadata/GTExV10_metadata_stomach.tsv	/gpfs/helios/projects/GTEx/genotypes/GTEx_v10/GTEx_v9.MAF001.vcf.gz	/gpfs/helios/projects/eQTLCatalogue/coverage_parquet/GTEx_v10/stomach.parquet	/gpfs/helios/projects/eQTLCatalogue/qcnorm2/QTS000015/stomach/QTS000015/normalised/tx/qtl_group_split_norm/GTEx.stomach.tsv.gz	/gpfs/helios/projects/eQTLCatalogue/qcnorm2/QTS000015/stomach/QTS000015/normalised/tx/per_million_normalised/GTEx.stomach.transcript_usage_TPM_norm.tsv.gz	/gpfs/helios/home/kerimov/alasoo_lab/eqtl_plot_data_generator/input/GTEx_V10_all/sumstats_files/QTD000332_sumstats.tsv	/gpfs/helios/home/kerimov/alasoo_lab/eqtl_plot_data_generator/input/GTEx_V10_all/sumstats_files/QTD000333_sumstats.tsv	/gpfs/space/projects/genomic_references/annotations/eQTLCatalogue/v1.0/phenotype_metadata/transcript_usage_Ensembl_105_phenotype_metadata.tsv.gz	/gpfs/helios/projects/eQTLCatalogue/qcnorm2/QTS000015/stomach/QTS000015/normalised/ge/per_million_normalised/GTEx.stomach.scaling_factors.tsv.gz
QTD000338	QTS000015	tx	testis	GTEx	/gpfs/helios/projects/eQTLCatalogue/qtlmap/eQTL_Catalogue_r8/susie/QTS000015/QTD000338/QTD000338.credible_sets.parquet	/gpfs/helios/home/kerimov/alasoo_lab/SampleArcheology/studies/GTEx/v10_metadata/GTExV10_metadata_testis.tsv	/gpfs/helios/projects/GTEx/genotypes/GTEx_v10/GTEx_v9.MAF001.vcf.gz	/gpfs/helios/projects/eQTLCatalogue/coverage_parquet/GTEx_v10/testis.parquet	/gpfs/helios/projects/eQTLCatalogue/qcnorm2/QTS000015/testis/QTS000015/normalised/tx/qtl_group_split_norm/GTEx.testis.tsv.gz	/gpfs/helios/projects/eQTLCatalogue/qcnorm2/QTS000015/testis/QTS000015/normalised/tx/per_million_normalised/GTEx.testis.transcript_usage_TPM_norm.tsv.gz	/gpfs/helios/home/kerimov/alasoo_lab/eqtl_plot_data_generator/input/GTEx_V10_all/sumstats_files/QTD000337_sumstats.tsv	/gpfs/helios/home/kerimov/alasoo_lab/eqtl_plot_data_generator/input/GTEx_V10_all/sumstats_files/QTD000338_sumstats.tsv	/gpfs/space/projects/genomic_references/annotations/eQTLCatalogue/v1.0/phenotype_metadata/transcript_usage_Ensembl_105_phenotype_metadata.tsv.gz	/gpfs/helios/projects/eQTLCatalogue/qcnorm2/QTS000015/testis/QTS000015/normalised/ge/per_million_normalised/GTEx.testis.scaling_factors.tsv.gz
QTD000343	QTS000015	tx	thyroid	GTEx	/gpfs/helios/projects/eQTLCatalogue/qtlmap/eQTL_Catalogue_r8/susie/QTS000015/QTD000343/QTD000343.credible_sets.parquet	/gpfs/helios/home/kerimov/alasoo_lab/SampleArcheology/studies/GTEx/v10_metadata/GTExV10_metadata_thyroid.tsv	/gpfs/helios/projects/GTEx/genotypes/GTEx_v10/GTEx_v9.MAF001.vcf.gz	/gpfs/helios/projects/eQTLCatalogue/coverage_parquet/GTEx_v10/thyroid.parquet	/gpfs/helios/projects/eQTLCatalogue/qcnorm2/QTS000015/thyroid/QTS000015/normalised/tx/qtl_group_split_norm/GTEx.thyroid.tsv.gz	/gpfs/helios/projects/eQTLCatalogue/qcnorm2/QTS000015/thyroid/QTS000015/normalised/tx/per_million_normalised/GTEx.thyroid.transcript_usage_TPM_norm.tsv.gz	/gpfs/helios/home/kerimov/alasoo_lab/eqtl_plot_data_generator/input/GTEx_V10_all/sumstats_files/QTD000342_sumstats.tsv	/gpfs/helios/home/kerimov/alasoo_lab/eqtl_plot_data_generator/input/GTEx_V10_all/sumstats_files/QTD000343_sumstats.tsv	/gpfs/space/projects/genomic_references/annotations/eQTLCatalogue/v1.0/phenotype_metadata/transcript_usage_Ensembl_105_phenotype_metadata.tsv.gz	/gpfs/helios/projects/eQTLCatalogue/qcnorm2/QTS000015/thyroid/QTS000015/normalised/ge/per_million_normalised/GTEx.thyroid.scaling_factors.tsv.gz
QTD000348	QTS000015	tx	uterus	GTEx	/gpfs/helios/projects/eQTLCatalogue/qtlmap/eQTL_Catalogue_r8/susie/QTS000015/QTD000348/QTD000348.credible_sets.parquet	/gpfs/helios/home/kerimov/alasoo_lab/SampleArcheology/studies/GTEx/v10_metadata/GTExV10_metadata_uterus.tsv	/gpfs/helios/projects/GTEx/genotypes/GTEx_v10/GTEx_v9.MAF001.vcf.gz	/gpfs/helios/projects/eQTLCatalogue/coverage_parquet/GTEx_v10/uterus.parquet	/gpfs/helios/projects/eQTLCatalogue/qcnorm2/QTS000015/uterus/QTS000015/normalised/tx/qtl_group_split_norm/GTEx.uterus.tsv.gz	/gpfs/helios/projects/eQTLCatalogue/qcnorm2/QTS000015/uterus/QTS000015/normalised/tx/per_million_normalised/GTEx.uterus.transcript_usage_TPM_norm.tsv.gz	/gpfs/helios/home/kerimov/alasoo_lab/eqtl_plot_data_generator/input/GTEx_V10_all/sumstats_files/QTD000347_sumstats.tsv	/gpfs/helios/home/kerimov/alasoo_lab/eqtl_plot_data_generator/input/GTEx_V10_all/sumstats_files/QTD000348_sumstats.tsv	/gpfs/space/projects/genomic_references/annotations/eQTLCatalogue/v1.0/phenotype_metadata/transcript_usage_Ensembl_105_phenotype_metadata.tsv.gz	/gpfs/helios/projects/eQTLCatalogue/qcnorm2/QTS000015/uterus/QTS000015/normalised/ge/per_million_normalised/GTEx.uterus.scaling_factors.tsv.gz
QTD000353	QTS000015	tx	vagina	GTEx	/gpfs/helios/projects/eQTLCatalogue/qtlmap/eQTL_Catalogue_r8/susie/QTS000015/QTD000353/QTD000353.credible_sets.parquet	/gpfs/helios/home/kerimov/alasoo_lab/SampleArcheology/studies/GTEx/v10_metadata/GTExV10_metadata_vagina.tsv	/gpfs/helios/projects/GTEx/genotypes/GTEx_v10/GTEx_v9.MAF001.vcf.gz	/gpfs/helios/projects/eQTLCatalogue/coverage_parquet/GTEx_v10/vagina.parquet	/gpfs/helios/projects/eQTLCatalogue/qcnorm2/QTS000015/vagina/QTS000015/normalised/tx/qtl_group_split_norm/GTEx.vagina.tsv.gz	/gpfs/helios/projects/eQTLCatalogue/qcnorm2/QTS000015/vagina/QTS000015/normalised/tx/per_million_normalised/GTEx.vagina.transcript_usage_TPM_norm.tsv.gz	/gpfs/helios/home/kerimov/alasoo_lab/eqtl_plot_data_generator/input/GTEx_V10_all/sumstats_files/QTD000352_sumstats.tsv	/gpfs/helios/home/kerimov/alasoo_lab/eqtl_plot_data_generator/input/GTEx_V10_all/sumstats_files/QTD000353_sumstats.tsv	/gpfs/space/projects/genomic_references/annotations/eQTLCatalogue/v1.0/phenotype_metadata/transcript_usage_Ensembl_105_phenotype_metadata.tsv.gz	/gpfs/helios/projects/eQTLCatalogue/qcnorm2/QTS000015/vagina/QTS000015/normalised/ge/per_million_normalised/GTEx.vagina.scaling_factors.tsv.gz
QTD000358	QTS000015	tx	blood	GTEx	/gpfs/helios/projects/eQTLCatalogue/qtlmap/eQTL_Catalogue_r8/susie/QTS000015/QTD000358/QTD000358.credible_sets.parquet	/gpfs/helios/home/kerimov/alasoo_lab/SampleArcheology/studies/GTEx/v10_metadata/GTExV10_metadata_blood.tsv	/gpfs/helios/projects/GTEx/genotypes/GTEx_v10/GTEx_v9.MAF001.vcf.gz	/gpfs/helios/projects/eQTLCatalogue/coverage_parquet/GTEx_v10/blood.parquet	/gpfs/helios/projects/eQTLCatalogue/qcnorm2/QTS000015/blood/QTS000015/normalised/tx/qtl_group_split_norm/GTEx.blood.tsv.gz	/gpfs/helios/projects/eQTLCatalogue/qcnorm2/QTS000015/blood/QTS000015/normalised/tx/per_million_normalised/GTEx.blood.transcript_usage_TPM_norm.tsv.gz	/gpfs/helios/home/kerimov/alasoo_lab/eqtl_plot_data_generator/input/GTEx_V10_all/sumstats_files/QTD000357_sumstats.tsv	/gpfs/helios/home/kerimov/alasoo_lab/eqtl_plot_data_generator/input/GTEx_V10_all/sumstats_files/QTD000358_sumstats.tsv	/gpfs/space/projects/genomic_references/annotations/eQTLCatalogue/v1.0/phenotype_metadata/transcript_usage_Ensembl_105_phenotype_metadata.tsv.gz	/gpfs/helios/projects/eQTLCatalogue/qcnorm2/QTS000015/blood/QTS000015/normalised/ge/per_million_normalised/GTEx.blood.scaling_factors.tsv.gz
